{
  "cases": 120,
  "rows_astro": 55891,
  "rows_local": 60248,
  "rows_matched": 55686,
  "arc_mae": 0.00041531470289666894,
  "arc_median": 0.0001264630148156698,
  "arc_p95": 0.0023394339162621236,
  "arc_max": 0.004927935889412538,
  "date_mae_days": 0.2968226894493115,
  "date_median_days": 0.09030247735790908,
  "date_p95_days": 0.9645684654824436,
  "date_max_days": 2.3806338906288147,
  "scope": "shared_core"
}