{
  "run200_login": {
    "summary": {
      "cases": 200,
      "rows_astro": 91757,
      "rows_local": 99338,
      "rows_matched": 91356,
      "arc_mae": 0.00022132906505383096,
      "arc_median": 7.598018368426551e-05,
      "arc_p95": 0.0012252468552276241,
      "arc_max": 0.002397085538120791,
      "date_mae_days": 0.24098765605075045,
      "date_median_days": 0.0608450947329402,
      "date_p95_days": 0.8838276187889278,
      "date_max_days": 1.781302839051932,
      "scope": "shared_core"
    },
    "virtual_points": {
      "Asc": {
        "rows": 7982,
        "arc_mae": 0.0003325791052690479,
        "arc_p95": 0.0008875564590482554,
        "arc_max": 0.0020878254168223975,
        "ratio_arc_le_1e3": 0.9665497369080431,
        "date_mae": 0.2624595015695605,
        "date_max": 1.562883546575904
      },
      "MC": {
        "rows": 8388,
        "arc_mae": 3.0617101092214876e-05,
        "arc_p95": 0.00018452070929697584,
        "arc_max": 0.0005349346937890687,
        "ratio_arc_le_1e3": 1.0,
        "date_mae": 0.19408246569003923,
        "date_max": 1.0985415345057845
      },
      "North Node": {
        "rows": 6462,
        "arc_mae": 9.889820385835736e-05,
        "arc_p95": 0.00016385017933373547,
        "arc_max": 0.0006010573589492196,
        "ratio_arc_le_1e3": 1.0,
        "date_mae": 0.2133588783020838,
        "date_max": 1.0935546117834747
      }
    }
  },
  "geo300": {
    "summary": {
      "cases": 300,
      "rows_astro": 138481,
      "rows_local": 149227,
      "rows_matched": 137929,
      "arc_mae": 0.00022178467378535262,
      "arc_median": 7.478447855646664e-05,
      "arc_p95": 0.001259022242862784,
      "arc_max": 0.006992597062861705,
      "date_mae_days": 0.24111328156448925,
      "date_median_days": 0.0583727415651083,
      "date_p95_days": 0.8870567609556019,
      "date_max_days": 2.9653489403426647,
      "scope": "shared_core"
    },
    "virtual_points": {
      "Asc": {
        "rows": 12609,
        "arc_mae": 0.0003879264973732093,
        "arc_p95": 0.0014171348555578334,
        "arc_max": 0.006992597062861705,
        "ratio_arc_le_1e3": 0.9106987072725831,
        "date_mae": 0.2830098792174913,
        "date_max": 2.9653489403426647
      },
      "MC": {
        "rows": 12293,
        "arc_mae": 3.0600772530614015e-05,
        "arc_p95": 0.00019049189199904504,
        "arc_max": 0.0005479497883982276,
        "ratio_arc_le_1e3": 1.0,
        "date_mae": 0.19337338742975138,
        "date_max": 1.0963029665872455
      },
      "North Node": {
        "rows": 9848,
        "arc_mae": 9.942357381868132e-05,
        "arc_p95": 0.00015891296095560392,
        "arc_max": 0.000619364486340146,
        "ratio_arc_le_1e3": 1.0,
        "date_mae": 0.20921021782015553,
        "date_max": 1.140605503693223
      }
    }
  },
  "hard200": {
    "summary": {
      "cases": 200,
      "rows_astro": 98575,
      "rows_local": 103465,
      "rows_matched": 98431,
      "arc_mae": 0.00015373234863615834,
      "arc_median": 4.2375723921850295e-05,
      "arc_p95": 0.0008477557630897081,
      "arc_max": 0.004124783275244681,
      "date_mae_days": 0.22530503391767295,
      "date_median_days": 0.031000537797808647,
      "date_p95_days": 0.9010104145854712,
      "date_max_days": 2.2832118216902018,
      "scope": "shared_core"
    },
    "virtual_points": {
      "Asc": {
        "rows": 7878,
        "arc_mae": 0.0013348850953117176,
        "arc_p95": 0.002944422118744683,
        "arc_max": 0.004124783275244681,
        "ratio_arc_le_1e3": 0.43018532622493016,
        "date_mae": 0.5600360569814974,
        "date_max": 2.2832118216902018
      },
      "MC": {
        "rows": 8428,
        "arc_mae": 6.508538023040317e-05,
        "arc_p95": 0.0004385606040386847,
        "arc_max": 0.0008566905913696132,
        "ratio_arc_le_1e3": 1.0,
        "date_mae": 0.2010540072216644,
        "date_max": 1.2436055117286742
      },
      "North Node": {
        "rows": 8957,
        "arc_mae": 0.00010635192920834541,
        "arc_p95": 0.0003760721582750648,
        "arc_max": 0.0008359343368340433,
        "ratio_arc_le_1e3": 1.0,
        "date_mae": 0.208456887557104,
        "date_max": 1.2589785452000797
      }
    }
  },
  "kernel100": {
    "summary": {
      "cases": 100,
      "rows_astro": 49545,
      "rows_local": 52523,
      "rows_matched": 49410,
      "arc_mae": 0.0003293586932556403,
      "arc_median": 3.864584723345388e-05,
      "arc_p95": 0.0019562926205978215,
      "arc_max": 0.018258180539334035,
      "date_mae_days": 0.28287524476532777,
      "date_median_days": 0.05808116658590734,
      "date_p95_days": 0.9780851006507874,
      "date_max_days": 5.77742390986532,
      "scope": "shared_core"
    },
    "virtual_points": {
      "Asc": {
        "rows": 4024,
        "arc_mae": 0.0013309101391123584,
        "arc_p95": 0.005519464094106752,
        "arc_max": 0.018258180539334035,
        "ratio_arc_le_1e3": 0.6476143141153081,
        "date_mae": 0.5897517239194221,
        "date_max": 5.77742390986532
      },
      "MC": {
        "rows": 4117,
        "arc_mae": 0.0005218231217459208,
        "arc_p95": 0.0026301314806005394,
        "arc_max": 0.01178812003394114,
        "ratio_arc_le_1e3": 0.9130434782608695,
        "date_mae": 0.34089423993791057,
        "date_max": 4.65784142492339
      },
      "North Node": {
        "rows": 3835,
        "arc_mae": 0.0005568081880152636,
        "arc_p95": 0.003100226956064489,
        "arc_max": 0.011893180565351713,
        "ratio_arc_le_1e3": 0.9387222946544981,
        "date_mae": 0.3601616691779758,
        "date_max": 4.799129093065858
      }
    }
  }
}